{
    "mean": [
        100987.19691065421,
        194.9157918370327,
        -0.25095815064617405,
        0.12063659357088749,
        52.2423609973715,
        62.69890157892815,
        -0.92578968371525,
        0.8239712847272926,
        57576.412089719626,
        78.43010176547897,
        0.41910166177910063,
        0.5118262022328599,
        14717.470075140187
    ],
    "std": [
        396.56049063483863,
        144.7032804226148,
        3.693630667747839,
        3.7548840867477815,
        10.608447826809957,
        26.40557012670701,
        7.047811865611991,
        3.88481087914278,
        196.74614293245165,
        11.707412962374175,
        6.404040973465825,
        4.147719650225776,
        249.1841225658315
    ],
    "channels": [
        "msl",
        "sst",
        "u10",
        "v10",
        "tcwv",
        "r_500",
        "u_500",
        "v_500",
        "z_500",
        "r_850",
        "u_850",
        "v_850",
        "z_850"
    ]
}